Scenario,Zone,n_year,pv-V_Murray River (GW),wind-V_Gippsland (GW),wind-V_Moyne (GW),wind-V_Murray River (GW),wind-V_Western Victoria (GW),storage-VIC (GW),storage (GWh)
16,None,-1,22.05092697079141,6.835242655475554,0.0327737160846197,0.0022776423095827,21.012128970807822,15.224987629293851,705.7349854855961
16,[25],25,22.320921844416635,6.629953774693423,0.0918013901769398,0.002580653266083,20.80173505629022,15.234560015973043,717.3403552557859
16,[28],25,22.436571001967344,8.43453804750023,0.0470971637818742,0.0082797446666695,18.660133289702543,15.247471805688129,756.1312584827822
