Scenario,Zone,n_year,pv-S_Eastern Eyre Peninsula (GW),pv-S_Leigh Creek (GW),pv-S_Northern SA (GW),pv-S_Riverland (GW),pv-S_Roxby Downs (GW),pv-S_Western Eyre Peninsula (GW),wind-S_Eastern Eyre Peninsula (GW),wind-S_Leigh Creek (GW),wind-S_Mid-North SA (GW),wind-S_Northern SA (GW),wind-S_Riverland (GW),wind-S_South East SA (GW),wind-S_Western Eyre Peninsula (GW),wind-S_Yorke Peninsula (GW),storage-SA (GW),storage (GWh)
14,None,-1,0.0804386582461447,0.1137356008544188,0.077972819488064,0.0049477045597683,8.876631099064252,0.0855026186492367,0.1074162163058183,1.07363538448703,2.093381167219768,0.3226737098271215,0.0009582199933291,0.0030018876645563,0.0081072712266774,0.0272199904454737,4.341976789565308,120.89196669650757
14,[14],25,0.2312526164061346,1.871992951223316,0.1784954887124676,0.0333707598941401,7.644363445144382,0.1714878462726083,0.296942650070779,0.7742165565106163,1.3373473344386149,0.7250480271207458,0.0310073222534619,0.01063385425768,0.0030284501520689,0.0819123594103743,4.392003143334847,123.43151773319867
14,[15],25,0.0376661301957419,0.4385992163890364,0.0307905896400413,0.0108961846852935,8.668338144375124,0.1348193356008096,0.2931748788191939,1.0287446508749802,2.0561042553399567,0.0843849041270594,0.0100464983542245,0.0040125593368287,0.0267684522025213,0.0914871104819852,4.370253824116688,123.61360022669578
