Scenario,Zone,n_year,wind-T_King Island (GW),wind-T_North East Tasmania (GW),wind-T_North West Tasmania (GW),wind-T_Tasmania Midlands (GW),storage-TAS (GW),storage (GWh)
15,None,-1,7.105427357601002e-15,0.0,0.1147121917918703,0.6326048385664436,0.686110971992612,1.5483880379692891
15,[23],25,7.105427357601002e-15,0.0,0.1147121917918703,0.6326048385664436,0.686110971992612,1.5483880379692891
15,[24],25,7.105427357601002e-15,0.0,0.1147121917918703,0.6326048385664436,0.686110971992612,1.5483880379692891
