Scenario,Zone,n_year,pv-N_Broken Hill (GW),pv-N_Central NSW Tablelands (GW),pv-N_Central West NSW (GW),pv-N_Murray River (GW),pv-N_North West New South Wales (GW),pv-N_Northern NSW Tablelands (GW),pv-N_Riverland (GW),wind-N_Broken Hill (GW),wind-N_Central NSW Tablelands (GW),wind-N_Central West NSW (GW),wind-N_Murray River (GW),wind-N_North West New South Wales (GW),wind-N_Northern NSW Tablelands (GW),wind-N_Riverland (GW),wind-N_Southern NSW Tablelands (GW),storage-NSW (GW),storage (GWh)
11,None,-1,3.454179258123069,0.2300926139506138,0.044433406228407,0.1831336145872946,36.3889530214998,0.0507763800451925,0.1952162701599888,4.644015260932978,0.0186160177188909,2.3555934493908985,0.0028656330615675,0.0633682457450177,0.2516713794784735,0.002893852627956,8.737580988638673,19.405670399385784,541.0839337529067
11,[0],25,2.942663010816755,0.5900233361591667,0.0742421073456149,0.0100264774798866,36.093595188046,1.1762955658244607,0.2518593830428557,3.8158294069217007,0.2472507578103808,2.815896062608754,0.0171508500971349,0.031204067903392,0.1861581946520019,0.0820137069540578,8.736568915375813,19.38764407767944,541.0876607884059
11,[2],25,6.635067393409706,0.0884676024792021,0.0019481889957226,0.0588629576345596,26.45069494968925,2.0572660026584195,0.3620374539174236,7.69239103820308,0.1136126902513332,1.1026347184293002,0.0397962393462272,0.0654977543213917,0.2144816494847745,0.2633565906893054,9.42186652726046,19.21713202365228,553.7640627081355
11,[7],25,6.85361750932735,0.259467717088242,0.44047043088921,0.2956308025540046,27.46524254569988,1.467635770697921,0.104702356167337,7.40421483412587,0.3327118289020738,0.9197117347164756,0.0252724865615654,0.0433029363076435,0.0258917105767864,0.384914584963731,9.542910191138764,19.175795245478938,548.3116101135706
